{
  "ClassName": "ANVL_Carrack_BIS2950",
  "Name": "Anvil Carrack",
  "Description": "Manufacturer: Anvil Aerospace\nFocus: Expedition / Pathfinder\n\nAdventure calls and Anvil Aerospace answers with the Carrack. Built to endure extreme conditions in both space and atmosphere, this self-sustaining explorer has more than earned its long-standing status as the go-to pathfinder for both military and civilian service. ",
  "Career": "Exploration",
  "Role": "Expedition",
  "Size": 5,
  "Cargo": 0.0,
  "Inventory": {
    "SCU": 8.92,
    "x": 2.0,
    "y": 2.0,
    "z": 2.0,
    "unit": 0.0
  },
  "Crew": 6,
  "WeaponCrew": 4,
  "OperationsCrew": 0,
  "Mass": 4397858.0,
  "Health": 103000.0,
  "Width": 126.0,
  "Height": 30.0,
  "Length": 74.0,
  "IsSpaceship": true,
  "Manufacturer": {
    "Code": "ANVL",
    "Name": "Anvil Aerospace"
  },
  "DamageBeforeDestruction": {
    "middle": 70000.0
  },
  "DamageBeforeDetach": {},
  "FlightCharacteristics": {
    "ScmSpeed": 140.0,
    "MaxSpeed": 1050.0,
    "ZeroToScm": 3.695678991596638,
    "ZeroToMax": 27.717592436974787,
    "ScmToZero": 9.258648421052632,
    "MaxToZero": 69.43986315789473,
    "Acceleration": {
      "Main": 37.882078047995186,
      "Retro": 15.120997540166144,
      "Vtol": 8.458663285626775,
      "Maneuvering": 40.110435580230195
    },
    "AccelerationG": {
      "Main": 3.8628968529720167,
      "Retro": 1.5419126093795863,
      "Vtol": 0.8625435950213626,
      "Maneuvering": 4.090126079617429
    },
    "Pitch": 16.0,
    "Yaw": 16.0,
    "Roll": 30.0
  },
  "Propulsion": {
    "FuelCapacity": 15786000.0,
    "FuelIntakeRate": 800.0,
    "FuelUsage": {
      "Main": 464.81399999999996,
      "Retro": 185.535,
      "Vtol": 259.47,
      "Maneuvering": 551.25
    },
    "ThrustCapacity": {
      "Main": 166600000.0,
      "Retro": 66500000.0,
      "Vtol": 37200000.0,
      "Maneuvering": 176400000.0
    },
    "IntakeToMainFuelRatio": 1.7211185549488615,
    "IntakeToTankCapacityRatio": 5.067781578613962E-05,
    "TimeForIntakesToFillTank": 19732.5,
    "ManeuveringTimeTillEmpty": -265039.2035056495
  },
  "QuantumTravel": {
    "Speed": 59588720.0,
    "SpoolTime": 7.0,
    "FuelCapacity": 44000.0,
    "Range": 1138716356107.6604,
    "PortOlisarToArcCorpTime": 703.6122116736187,
    "PortOlisarToArcCorpFuel": 1620.0728453448,
    "PortOlisarToArcCorpAndBack": 13.579636288094033
  },
  "PilotHardpoints": [],
  "MannedTurrets": [
    {
      "Size": 0,
      "Fixed": true,
      "WeaponSizes": [
        0
      ]
    },
    {
      "Size": 0,
      "Fixed": true,
      "WeaponSizes": [
        0
      ]
    },
    {
      "Size": 0,
      "Fixed": true,
      "WeaponSizes": [
        0
      ]
    }
  ],
  "RemoteTurrets": [
    {
      "Size": 0,
      "Fixed": true,
      "WeaponSizes": [
        0
      ]
    }
  ],
  "Insurance": {
    "StandardClaimTime": 48.29999923706055,
    "ExpeditedClaimTime": 16.100000381469727,
    "ExpeditedCost": 19595.0
  }
}