{
  "ClassName": "ANVL_Carrack",
  "Name": "Anvil Carrack",
  "Description": "Manufacturer: Anvil Aerospace\nFocus: Expedition / Pathfinder\n\nAdventure calls and Anvil Aerospace answers with the Carrack. Built to endure extreme conditions in both space and atmosphere, this self-sustaining explorer has more than earned its long-standing status as the go-to pathfinder for both military and civilian service. ",
  "Career": "Exploration",
  "Role": "Expedition",
  "Size": 5,
  "Cargo": 0.0,
  "Inventory": {
    "SCU": 456.0,
    "x": 12.0,
    "y": 12.0,
    "z": 3.0,
    "unit": 0.0
  },
  "Crew": 6,
  "WeaponCrew": 4,
  "OperationsCrew": 0,
  "Mass": 4397858.0,
  "Health": 93000.0,
  "Width": 126.0,
  "Height": 30.0,
  "Length": 74.0,
  "IsSpaceship": true,
  "Manufacturer": {
    "Code": "ANVL",
    "Name": "Anvil Aerospace"
  },
  "DamageBeforeDestruction": {
    "middle": 60000.0
  },
  "DamageBeforeDetach": {},
  "FlightCharacteristics": {
    "ScmSpeed": 208.0,
    "MaxSpeed": 1236.0,
    "ZeroToScm": 5.796783499510152,
    "ZeroToMax": 34.446271179781476,
    "ScmToZero": 18.662143788897552,
    "MaxToZero": 110.89620059171816,
    "Acceleration": {
      "Main": 35.8819679944191,
      "Retro": 11.14555767830612,
      "Vtol": 12.748005961083782,
      "Maneuvering": 19.70926664753614
    },
    "AccelerationG": {
      "Main": 3.6589423913987122,
      "Retro": 1.1365305679798985,
      "Vtol": 1.2999348147255396,
      "Maneuvering": 2.0097858414919485
    },
    "Pitch": 28.0,
    "Yaw": 24.0,
    "Roll": 75.0
  },
  "Propulsion": {
    "FuelCapacity": 15786000.0,
    "FuelIntakeRate": 800.0,
    "FuelUsage": {
      "Main": 440.272602,
      "Retro": 136.7562582,
      "Vtol": 391.04584200000005,
      "Maneuvering": 270.87048749999997
    },
    "ThrustCapacity": {
      "Main": 157803800.0,
      "Retro": 49016580.0,
      "Vtol": 56063920.0,
      "Maneuvering": 86678556.0
    },
    "IntakeToMainFuelRatio": 1.8170560610991642,
    "IntakeToTankCapacityRatio": 5.067781578613962E-05,
    "TimeForIntakesToFillTank": 19732.5,
    "ManeuveringTimeTillEmpty": -70381.41861353135
  },
  "QuantumTravel": {
    "Speed": 59588720.0,
    "SpoolTime": 19.375,
    "FuelCapacity": 44000.0,
    "Range": 1138716356107.6604,
    "PortOlisarToArcCorpTime": 703.6122116736187,
    "PortOlisarToArcCorpFuel": 1620.0728453448,
    "PortOlisarToArcCorpAndBack": 13.579636288094033
  },
  "PilotHardpoints": [],
  "MannedTurrets": [
    {
      "Size": 0,
      "Turret": true,
      "WeaponSizes": [
        4,
        4
      ]
    },
    {
      "Size": 0,
      "Turret": true,
      "WeaponSizes": [
        4,
        4
      ]
    },
    {
      "Size": 0,
      "Turret": true,
      "WeaponSizes": [
        4,
        4
      ]
    }
  ],
  "RemoteTurrets": [
    {
      "Size": 0,
      "Gimballed": true,
      "WeaponSizes": [
        4,
        4
      ]
    }
  ],
  "Insurance": {
    "StandardClaimTime": 48.29999923706055,
    "ExpeditedClaimTime": 16.100000381469727,
    "ExpeditedCost": 19595.0
  }
}