{
  "ClassName": "CRUS_Spirit_A1",
  "Name": "Crusader A1 Spirit",
  "Description": "Manufacturer: Crusader Industries\nFocus: Light Bomber\n\nCrusader Industries brings its usual commitment to excellence directly to the civilian market with the A1 Spirit, a mid-size multi-purpose starship equipped as a light bomber but packing enough versatility to tackle multiple roles and unpredictable jobs.",
  "Career": "Combat",
  "Role": "Bomber",
  "Size": 4,
  "Cargo": 0.0,
  "Inventory": {
    "SCU": 8.0,
    "x": 35.0,
    "y": 35.0,
    "z": 35.0,
    "unit": 0.0
  },
  "Crew": 2,
  "WeaponCrew": 1,
  "OperationsCrew": 0,
  "Mass": 314270.5,
  "Health": 46300.0,
  "Width": 47.5,
  "Height": 10.0,
  "Length": 44.0,
  "IsSpaceship": true,
  "Manufacturer": {
    "Code": "CRUS",
    "Name": "Crusader Industries"
  },
  "DamageBeforeDestruction": {
    "body": 16500.0
  },
  "DamageBeforeDetach": {
    "tail_left": 1200.0,
    "tail_right": 1200.0,
    "wing_left": 1050.0,
    "vtol_flap_geo_left": 100.0,
    "wing_right": 1050.0
  },
  "FlightCharacteristics": {
    "ScmSpeed": 154.0,
    "MaxSpeed": 1120.0,
    "ZeroToScm": 1.7685003224380644,
    "ZeroToMax": 12.861820526822287,
    "ScmToZero": 4.841631664843631,
    "MaxToZero": 35.21186665340822,
    "Acceleration": {
      "Main": 87.07942998149683,
      "Retro": 31.807458861076682,
      "Vtol": 38.183666618406754,
      "Maneuvering": 76.30853039022116
    },
    "AccelerationG": {
      "Main": 8.879630510447226,
      "Retro": 3.243458095931792,
      "Vtol": 3.893650327954544,
      "Maneuvering": 7.7813044344040385
    },
    "Pitch": 28.0,
    "Yaw": 28.0,
    "Roll": 117.0
  },
  "Propulsion": {
    "FuelCapacity": 687000.0,
    "FuelIntakeRate": 30.0,
    "FuelUsage": {
      "Main": 68.41624,
      "Retro": 299.88437999999996,
      "Vtol": 48.0,
      "Maneuvering": 83.93531999999999
    },
    "ThrustCapacity": {
      "Main": 27366496.0,
      "Retro": 9996146.0,
      "Vtol": 12000000.0,
      "Maneuvering": 23981520.0
    },
    "IntakeToMainFuelRatio": 0.4384923813410383,
    "IntakeToTankCapacityRatio": 4.3668122270742355E-05,
    "TimeForIntakesToFillTank": 22900.0,
    "ManeuveringTimeTillEmpty": 8546.487542903493
  },
  "QuantumTravel": {
    "Speed": 248286300.0,
    "SpoolTime": 2.0,
    "FuelCapacity": 3750.0,
    "Range": 163826998689.384,
    "PortOlisarToArcCorpTime": 168.86695347266442,
    "PortOlisarToArcCorpFuel": 959.7170659923,
    "PortOlisarToArcCorpAndBack": 1.9537008004138623
  },
  "PilotHardpoints": [
    {
      "Size": 0,
      "Fixed": true,
      "WeaponSizes": [
        0
      ]
    },
    {
      "Size": 0,
      "Turret": true,
      "WeaponSizes": [
        3,
        3
      ]
    },
    {
      "Size": 0,
      "Fixed": true,
      "WeaponSizes": [
        0
      ]
    },
    {
      "Size": 0,
      "Fixed": true,
      "WeaponSizes": [
        0
      ]
    }
  ],
  "MannedTurrets": [],
  "RemoteTurrets": [
    {
      "Size": 0,
      "Gimballed": true,
      "WeaponSizes": [
        2,
        2
      ]
    }
  ],
  "Insurance": {
    "StandardClaimTime": 6.75,
    "ExpeditedClaimTime": 2.25,
    "ExpeditedCost": 3375.0
  }
}