{
  "ClassName": "DRAK_Cutter_Scout",
  "Name": "Drake Cutter Scout",
  "Description": "Manufacturer: Drake Interplanetary\nFocus: Recon\n\nPairing down the rough and tumble, compact frame of the Cutter to the bare essentials, Drake took an already impressive ship and transformed it into the ideal scouting vessel. Featuring improved radar and scanning capabilities paired with more power and cooling, the Cutter Scout is ready to fly ahead of the pack.",
  "Career": "Starter",
  "Role": "Scout",
  "Size": 2,
  "Cargo": 0.0,
  "Inventory": {
    "SCU": 2.0,
    "x": 2.0,
    "y": 1.0,
    "z": 1.0,
    "unit": 0.0
  },
  "Crew": 1,
  "WeaponCrew": 0,
  "OperationsCrew": 0,
  "Mass": 92877.0,
  "Health": 19000.0,
  "Width": 16.0,
  "Height": 6.0,
  "Length": 20.0,
  "IsSpaceship": true,
  "Manufacturer": {
    "Code": "DRAK",
    "Name": "Drake Interplanetary"
  },
  "DamageBeforeDestruction": {
    "body": 8200.0
  },
  "DamageBeforeDetach": {
    "vtol_r_geo": 3000.0,
    "debrisproxy_spoiler_left": 50.0,
    "debrisproxy_spoiler_right": 50.0,
    "vtol_l_geo": 3000.0
  },
  "FlightCharacteristics": {
    "ScmSpeed": 160.0,
    "MaxSpeed": 1050.0,
    "ZeroToScm": 6.7644624826226245,
    "ZeroToMax": 44.39178504221098,
    "ScmToZero": 5.9724695179517076,
    "MaxToZero": 39.19433121155808,
    "Acceleration": {
      "Main": 23.653024968506735,
      "Retro": 26.789588380330976,
      "Vtol": 23.601236043369187,
      "Maneuvering": 108.21184146774763
    },
    "AccelerationG": {
      "Main": 2.4119372648552124,
      "Retro": 2.7317777159870706,
      "Vtol": 2.4066562642807674,
      "Maneuvering": 11.034536736090994
    },
    "Pitch": 32.0,
    "Yaw": 32.0,
    "Roll": 130.0
  },
  "Propulsion": {
    "FuelCapacity": 293400.0,
    "FuelIntakeRate": 15.0,
    "FuelUsage": {
      "Main": 27.460275000000003,
      "Retro": 31.101707500000003,
      "Vtol": 27.40015,
      "Maneuvering": 125.62988999999997
    },
    "ThrustCapacity": {
      "Main": 2196822.0,
      "Retro": 2488136.6,
      "Vtol": 2192012.0,
      "Maneuvering": 10050391.199999997
    },
    "IntakeToMainFuelRatio": 0.5462436191917233,
    "IntakeToTankCapacityRatio": 5.112474437627812E-05,
    "TimeForIntakesToFillTank": 19560.0,
    "ManeuveringTimeTillEmpty": 3897.697011048258
  },
  "QuantumTravel": {
    "Speed": 104280300.0,
    "SpoolTime": 6.5,
    "FuelCapacity": 1960.0,
    "Range": 333333333333.3334,
    "PortOlisarToArcCorpTime": 402.06396673197145,
    "PortOlisarToArcCorpFuel": 246.53282429159998,
    "PortOlisarToArcCorpAndBack": 3.9751298952420724
  },
  "PilotHardpoints": [
    {
      "Size": 2,
      "Fixed": true,
      "WeaponSizes": [
        2
      ]
    },
    {
      "Size": 2,
      "Fixed": true,
      "WeaponSizes": [
        2
      ]
    }
  ],
  "MannedTurrets": [],
  "RemoteTurrets": [],
  "Insurance": {
    "StandardClaimTime": 3.869999885559082,
    "ExpeditedClaimTime": 1.2799999713897705,
    "ExpeditedCost": 2622.0
  }
}