{
  "ClassName": "DRAK_Cutter_Rambler",
  "Name": "Drake Cutter Rambler",
  "Description": "Manufacturer: Drake Interplanetary\nFocus: Expedition\n\nThe brass at Drake heard what you had to say, and their answer was the Cutter Rambler. Building upon the original, the Rambler preserves a full 2 SCU of cargo room while adding in requested creature comforts and enough personal storage to make even the longest journey go by in a flash.",
  "Career": "Starter",
  "Role": "Exploration",
  "Size": 2,
  "Cargo": 0.0,
  "Inventory": {
    "SCU": 4.0,
    "x": 2.0,
    "y": 2.0,
    "z": 1.0,
    "unit": 0.0
  },
  "Crew": 1,
  "WeaponCrew": 0,
  "OperationsCrew": 0,
  "Mass": 86877.0,
  "Health": 18600.0,
  "Width": 16.0,
  "Height": 6.0,
  "Length": 20.0,
  "IsSpaceship": true,
  "Manufacturer": {
    "Code": "DRAK",
    "Name": "Drake Interplanetary"
  },
  "DamageBeforeDestruction": {
    "body": 8000.0
  },
  "DamageBeforeDetach": {
    "vtol_r_geo": 3000.0,
    "debrisproxy_spoiler_left": 50.0,
    "debrisproxy_spoiler_right": 50.0,
    "vtol_l_geo": 3000.0
  },
  "FlightCharacteristics": {
    "ScmSpeed": 160.0,
    "MaxSpeed": 1050.0,
    "ZeroToScm": 6.327467587269246,
    "ZeroToMax": 41.52400604145443,
    "ScmToZero": 5.586638611400998,
    "MaxToZero": 36.662315887319046,
    "Acceleration": {
      "Main": 25.286577575192513,
      "Retro": 28.639761962314537,
      "Vtol": 25.23121194332217,
      "Maneuvering": 115.68529300044888
    },
    "AccelerationG": {
      "Main": 2.5785132698868236,
      "Retro": 2.9204429127125837,
      "Vtol": 2.572867546733944,
      "Maneuvering": 11.796616693001868
    },
    "Pitch": 32.0,
    "Yaw": 32.0,
    "Roll": 130.0
  },
  "Propulsion": {
    "FuelCapacity": 440100.0,
    "FuelIntakeRate": 15.0,
    "FuelUsage": {
      "Main": 27.460275000000003,
      "Retro": 31.101707500000003,
      "Vtol": 27.40015,
      "Maneuvering": 125.62988999999997
    },
    "ThrustCapacity": {
      "Main": 2196822.0,
      "Retro": 2488136.6,
      "Vtol": 2192012.0,
      "Maneuvering": 10050391.199999997
    },
    "IntakeToMainFuelRatio": 0.5462436191917233,
    "IntakeToTankCapacityRatio": 3.408316291751875E-05,
    "TimeForIntakesToFillTank": 29340.0,
    "ManeuveringTimeTillEmpty": 5846.545516572387
  },
  "QuantumTravel": {
    "Speed": 104280300.0,
    "SpoolTime": 6.5,
    "FuelCapacity": 1960.0,
    "Range": 333333333333.3334,
    "PortOlisarToArcCorpTime": 402.06396673197145,
    "PortOlisarToArcCorpFuel": 246.53282429159998,
    "PortOlisarToArcCorpAndBack": 3.9751298952420724
  },
  "PilotHardpoints": [
    {
      "Size": 2,
      "Fixed": true,
      "WeaponSizes": [
        2
      ]
    },
    {
      "Size": 2,
      "Fixed": true,
      "WeaponSizes": [
        2
      ]
    }
  ],
  "MannedTurrets": [],
  "RemoteTurrets": [],
  "Insurance": {
    "StandardClaimTime": 1.25,
    "ExpeditedClaimTime": 0.0,
    "ExpeditedCost": 480.0
  }
}