{
  "ClassName": "ORIG_400i",
  "Name": "Origin 400i",
  "Description": "Manufacturer: Origin Jumpworks\nFocus: Pathfinder\n\nTo explore the stars is a most noble endeavor, and Origin Jumpworks has risen to the occasion in crafting the 400i high-performance pathfinder. With class-leading range, substantial defensive capabilities, and a factory-equipped scanning array, the 400i is ready to take on the harshest corners of the galaxy while maintaining the comfort and elegance Origin is known for. ",
  "Career": "Exploration",
  "Role": "Luxury",
  "Size": 4,
  "Cargo": 0.0,
  "Inventory": {
    "SCU": 3.81,
    "x": 2.0,
    "y": 2.0,
    "z": 2.0,
    "unit": 0.0
  },
  "Crew": 3,
  "WeaponCrew": 2,
  "OperationsCrew": 0,
  "Mass": 430057.06,
  "Health": 80500.0,
  "Width": 32.0,
  "Height": 12.5,
  "Length": 56.0,
  "IsSpaceship": true,
  "Manufacturer": {
    "Code": "ORIG",
    "Name": "Origin Jumpworks"
  },
  "DamageBeforeDestruction": {
    "Body": 20000.0,
    "Bridge": 15000.0
  },
  "DamageBeforeDetach": {
    "WingLeft": 14000.0,
    "WingRight": 14000.0
  },
  "FlightCharacteristics": {
    "ScmSpeed": 200.0,
    "MaxSpeed": 1000.0,
    "ZeroToScm": 3.8363032862632314,
    "ZeroToMax": 19.181516431316158,
    "ScmToZero": 7.679590357142857,
    "MaxToZero": 38.397951785714284,
    "Acceleration": {
      "Main": 52.1335215378164,
      "Retro": 26.043055774970885,
      "Vtol": 26.322088515417,
      "Maneuvering": 86.73267682200125
    },
    "AccelerationG": {
      "Main": 5.3161396274943185,
      "Retro": 2.655652577122385,
      "Vtol": 2.684105997591553,
      "Maneuvering": 8.844271529166514
    },
    "Pitch": 30.0,
    "Yaw": 30.0,
    "Roll": 60.0
  },
  "Propulsion": {
    "FuelCapacity": 5339744.0,
    "FuelIntakeRate": 50.0,
    "FuelUsage": {
      "Main": 247.184788725,
      "Retro": 123.48,
      "Vtol": 35.375,
      "Maneuvering": 116.5625
    },
    "ThrustCapacity": {
      "Main": 22420389.0,
      "Retro": 11200000.0,
      "Vtol": 11320000.0,
      "Maneuvering": 37300000.0
    },
    "IntakeToMainFuelRatio": 0.20227781918905374,
    "IntakeToTankCapacityRatio": 9.363744778775912E-06,
    "TimeForIntakesToFillTank": 106794.88,
    "ManeuveringTimeTillEmpty": 20901.97204548211
  },
  "QuantumTravel": {
    "Speed": 132833200.0,
    "SpoolTime": 5.0,
    "FuelCapacity": 4920.0,
    "Range": 414106556687.1476,
    "PortOlisarToArcCorpTime": 315.63909527136286,
    "PortOlisarToArcCorpFuel": 498.13885806266995,
    "PortOlisarToArcCorpAndBack": 4.938382059908508
  },
  "PilotHardpoints": [
    {
      "Size": 0,
      "Fixed": true,
      "WeaponSizes": [
        0
      ]
    },
    {
      "Size": 0,
      "Fixed": true,
      "WeaponSizes": [
        0
      ]
    }
  ],
  "MannedTurrets": [],
  "RemoteTurrets": [
    {
      "Size": 0,
      "Fixed": true,
      "WeaponSizes": [
        0
      ]
    },
    {
      "Size": 0,
      "Fixed": true,
      "WeaponSizes": [
        0
      ]
    }
  ],
  "Insurance": {
    "StandardClaimTime": 22.5,
    "ExpeditedClaimTime": 7.5,
    "ExpeditedCost": 12027.0
  }
}