{
  "ClassName": "box_plastic_4_weapon_005x010x00375_b",
  "Size": 1,
  "Grade": 1,
  "Type": "Misc.UNDEFINED",
  "Name": "box_plastic_4_weapon_005x010x00375_b",
  "Width": 0.5000213,
  "Height": 0.5000213,
  "Length": 0.5000213,
  "Volume": 125016.0
}