{
  "UUID": "cd10a277-1a36-46ba-923a-c6713223d85f",
  "ClassName": "box_plastic_4_weapon_005x010x00375_b",
  "Size": 1,
  "Grade": 1,
  "Type": "Misc.UNDEFINED",
  "Name": "box_plastic_4_weapon_005x010x00375_b",
  "Width": 0.5000213,
  "Height": 0.5000213,
  "Length": 0.5000213,
  "Volume": 0.125016,
  "DimensionOverrides": {
    "Width": 0.75,
    "Height": 0.75,
    "Depth": 0.75
  }
}