{
  "UUID": "e6cb49ba-0fdc-4608-88a5-a27d0436ea8a",
  "ClassName": "box_plastic_4_weapon_0075x005x0025",
  "Size": 1,
  "Grade": 1,
  "Type": "Misc.UNDEFINED",
  "Name": "box_plastic_4_weapon_0075x005x0025",
  "Width": 0.6781385,
  "Height": 0.6781385,
  "Length": 0.6781385,
  "Volume": 0.311857,
  "DimensionOverrides": {
    "Width": 0.75,
    "Height": 0.75,
    "Depth": 0.75
  }
}