{
  "UUID": "af397652-f5ea-4491-a139-00354884081b",
  "ClassName": "Carryable_1H_CY_bottle_bar_08_vodka_a",
  "Size": 1,
  "Grade": 1,
  "Type": "Misc.UNDEFINED",
  "Name": "Carryable_1H_CY_bottle_bar_08_vodka_a",
  "Width": 0.0913474,
  "Height": 0.3561096,
  "Length": 0.0913473,
  "Volume": 0.0023769999999999998,
  "DimensionOverrides": {
    "Width": 0.25,
    "Height": 0.25,
    "Depth": 0.25
  }
}