{
  "UUID": "c9c06a17-ee43-4333-9637-5728450783cc",
  "ClassName": "Carryable_2H_CU_crate_weapon_1_01x005x005_a",
  "Size": 1,
  "Grade": 1,
  "Type": "Misc.UNDEFINED",
  "Name": "Carryable_2H_CU_crate_weapon_1_01x005x005_a",
  "Width": 0.5130007,
  "Height": 0.5130007,
  "Length": 0.5130007,
  "Volume": 0.135006,
  "DimensionOverrides": {
    "Width": 0.75,
    "Height": 0.75,
    "Depth": 0.75
  }
}