{
  "UUID": "d51a02b8-f1ce-4a66-ad75-9b057634af5b",
  "ClassName": "Carryable_2H_FL_crate_weapon_3_075x045x00375_c",
  "Size": 2,
  "Grade": 1,
  "Type": "Misc.UNDEFINED",
  "Name": "Carryable_2H_FL_crate_weapon_3_075x045x00375_c",
  "Tags": [
    "MissionQuestItem"
  ],
  "Width": 0.4992052,
  "Height": 0.4992052,
  "Length": 0.4992052,
  "Volume": 0.12440499999999999,
  "DimensionOverrides": {
    "Width": 0.75,
    "Height": 0.75,
    "Depth": 0.75
  }
}