{
  "UUID": "546428f2-8a56-45c7-979e-18ff34010514",
  "ClassName": "Carryable_1H_CY_bottle_bar_07_tequila_a",
  "Size": 1,
  "Grade": 1,
  "Type": "Misc.UNDEFINED",
  "Name": "Carryable_1H_CY_bottle_bar_07_tequila_a",
  "Width": 0.0712975,
  "Height": 0.3572811,
  "Length": 0.0712975,
  "Volume": 0.0014529999999999999,
  "DimensionOverrides": {
    "Width": 0.25,
    "Height": 0.25,
    "Depth": 0.25
  }
}