{
  "UUID": "b8453d44-2617-4657-ab13-402f590e66a9",
  "ClassName": "food_ration_pack_d",
  "Size": 1,
  "Grade": 1,
  "Type": "Misc.UNDEFINED",
  "Name": "food_ration_pack_d",
  "Width": 0.1441066,
  "Height": 0.2401368,
  "Length": 0.0308643,
  "Volume": 0.0008539999999999999,
  "DimensionOverrides": {
    "Width": 0.75,
    "Height": 0.75,
    "Depth": 0.75
  }
}