{
  "UUID": "1ac893c8-e151-4413-ae53-193a5a198a12",
  "ClassName": "ht_glass_generic_1_a",
  "Size": 1,
  "Grade": 1,
  "Type": "Misc.UNDEFINED",
  "Name": "ht_glass_generic_1_a",
  "Width": 0.0900619,
  "Height": 0.1149999,
  "Length": 0.0900619,
  "Volume": 0.0007459999999999999,
  "DimensionOverrides": {
    "Width": 0.25,
    "Height": 0.25,
    "Depth": 0.25
  }
}