{
  "UUID": "e9225fe2-ef9a-41a5-b741-728ab4590673",
  "ClassName": "ht_glass_wine_1_a",
  "Size": 1,
  "Grade": 1,
  "Type": "Misc.UNDEFINED",
  "Name": "ht_glass_wine_1_a",
  "Width": 0.0925196,
  "Height": 0.2004998,
  "Length": 0.0925199,
  "Volume": 0.0013729999999999999,
  "DimensionOverrides": {
    "Width": 0.75,
    "Height": 0.75,
    "Depth": 0.75
  }
}