{
  "UUID": "f243a5ff-208b-4746-906c-0165aae7a2c6",
  "ClassName": "mre_food_1_a",
  "Size": 1,
  "Grade": 1,
  "Type": "Food.Bar",
  "Name": "mre_food_1_a",
  "Width": 0.1384323,
  "Height": 0.023883,
  "Length": 0.0469659,
  "Volume": 0.00034199999999999996,
  "DimensionOverrides": {
    "Width": 0.25,
    "Height": 0.25,
    "Depth": 0.25
  }
}