{
  "UUID": "096adc5a-50b6-4485-bb91-42b6ebe4f754",
  "ClassName": "un_bottle_alcohol_22_jeanluc_a",
  "Size": 1,
  "Grade": 1,
  "Type": "Misc.UNDEFINED",
  "Name": "Bottle",
  "Width": 0.0899999,
  "Height": 0.2954299,
  "Length": 0.0904999,
  "Volume": 0.0019249999999999998,
  "DimensionOverrides": {
    "Width": 0.25,
    "Height": 0.25,
    "Depth": 0.25
  }
}