{
  "UUID": "6d72fa33-c291-41d6-b7a5-3c69a4847f94",
  "ClassName": "un_mre_food_4_a",
  "Size": 1,
  "Grade": 1,
  "Type": "Misc.UNDEFINED",
  "Name": "Ration pack",
  "Width": 0.098734,
  "Height": 0.1642087,
  "Length": 0.0523786,
  "Volume": 0.0006789999999999999,
  "DimensionOverrides": {
    "Width": 0.25,
    "Height": 0.25,
    "Depth": 0.25
  }
}